fitness,139
health,130
fit,112
fitfam,111
workout,111
gym,111
nutrition,110
bodybuilding,109
healthy,106
motivation,106
instafit,103
fitspo,103
lifestyle,102
fitnessmotivation,98
weightloss,98
eatclean,96
healthylifestyle,96
muscle,95
training,95
diet,93
gymlife,92
strong,92
fitnessmodel,92
exercise,91
love,91
fitnessaddict,90
instagood,90
abs,89
cardio,88
gains,84
goals,84
cleaneating,84
healthyeating,84
happy,83
fitlife,81
food,80
getfit,80
fitnesslifestyle,79
model,79
crossfit,76
vegan,76
photooftheday,75
inspiration,75
body,74
beastmode,73
instafitness,70
dedication,69
train,68
trainhard,68
healthychoices,67
physique,67
fitspiration,67
shredded,67
transformation,66
girlswholift,65
strength,65
life,63
determination,63
healthyfood,62
selfie,62
beautiful,62
foodie,62
fitgirl,61
picoftheday,60
yoga,60
healthyliving,60
foodporn,58
wellness,57
nopainnogain,55
healthylife,55
active,54
instahealth,54
like4like,54
weightlossjourney,53
bodybuilder,53
fashion,52
cravecrush,51
squats,50
instagram,50
sport,50
quitsugar,47
iifym,46
fitnessgirl,46
protein,46
macros,45
aesthetic,45
aesthetics,45
muscles,44
work,44
flex,43
ripped,43
plantbased,42
squat,42
crushyourcravings,41
instadaily,41
personaltrainer,41
mealprep,39
weightlifting,38
ifbb,37
running,37
fitfood,36
fitnessjourney,36
seeyasugar,35
fitnessfreak,35
fitfoodie,34
paleo,34
leanlifestyle,33
gymmotivation,32
fitnessfirst,31
glutenfree,31
nyc,31
healthandwellness,31
run,30
supplements,30
fitstagram,30
me,30
healthybody,29
sugarfree,29
healthandfitness,29
sugardetox,29
girlsthatlift,29
girl,29
dietitian,29
nutrtionist,29
startup,29
healthnut,29
fitnessblogger,29
fitlifestyle,29
guysthatlift,29
detox,29
nutritioniskey,29
style,28
transformationtuesday,28
organic,26
sweettooth,9
goattape,8
breakparallel,8
wodbom,8
npc,8
bulubox,7
stopsugarcravings,7
621,6
arnoldclassic,6
arnold,6
ad,6
ketosis,4
keto,4
ketogeniclifestyle,4
vitaminshoppe,1
