#,4944
.,870
",",567
the,364
and,357
!,337
to,323
a,245
nutrition,226
i,215
@,205
you,203
of,196
in,161
for,159
?,151
it,132
my,127
fitness,126
is,124
with,109
your,99
this,98
on,93
that,89
[,83
healthy,83
],83
be,79
's,77
are,70
health,69
gym,68
*,66
workout,65
n't,62
do,61
all,60
have,58
...,55
but,55
we,53
fit,52
fitfam,52
at,52
bodybuilding,51
our,51
or,49
training,48
food,48
motivation,48
more,45
me,44
just,44
diet,42
can,42
so,41
de,40
if,40
out,40
lifestyle,40
muscle,39
as,38
from,38
&,36
fitnessmotivation,36
protein,35
no,33
one,33
what,33
some,33
cleaneating,33
was,32
love,32
not,32
exercise,32
goals,32
day,32
get,31
weightloss,30
eatclean,30
like,30
life,29
``,29
+,28
time,28
healthyfood,28
up,28
will,28
vegan,27
gymlife,27
body,27
been,26
chicken,26
'',25
cardio,25
now,25
there,25
help,25
great,25
want,24
physique,24
when,24
by,24
how,23
make,23
'm,23
1,23
instafit,23
about,23
has,22
week,22
an,22
delicious,22
also,22
work,21
days,21
fitspo,21
yoga,21
abs,21
strong,21
keep,20
've,20
healthylifestyle,20
inspiration,20
meal,19
way,19
today,19
3,19
breakfast,19
these,19
good,19
gains,19
who,19
know,19
because,19
dinner,18
happy,18
wellness,18
best,18
after,17
over,17
girlswholift,17
en,17
than,17
into,17
go,17
tsp,17
weightlossjourney,17
need,17
even,16
new,16
top,16
eating,16
el,16
her,16
weight,16
y,16
fresh,16
',16
que,16
off,16
eat,16
glutenfree,15
healthyeating,15
they,15
got,15
plantbased,15
year,15
calories,15
link,15
mealprep,15
am,15
through,15
see,15
us,15
paleo,15
which,15
powder,15
shredded,15
would,14
foodie,14
them,14
supplements,14
only,14
come,14
family,14
find,14
organic,14
made,14
monday,14
then,13
strength,13
stop,13
bio,13
had,13
easy,13
people,13
check,13
recipe,13
prep,13
veggies,13
lunch,13
little,13
black,13
iifym,13
%,13
last,13
whole,13
look,13
$,13
're,13
next,13
foodporn,13
healthyliving,13
macros,13
instagood,13
does,13
fitnessmodel,13
until,12
amazing,12
before,12
here,12
iherb,12
trainhard,12
may,12
first,12
2,12
carbs,12
fat,12
fitnessaddict,12
para,12
meals,12
try,12
challenge,12
la,12
es,12
ever,11
never,11
pizza,11
free,11
rice,11
much,11
tonight,11
right,11
going,11
fitlife,11
oil,11
running,11
journey,11
healthylife,11
beautiful,11
feel,11
raw,11
back,11
home,11
ifbb,11
he,11
could,10
fitfood,10
mind,10
crossfit,10
con,10
balance,10
wholefoods,10
discount,10
change,10
natural,10
season,10
personaltrainer,10
where,10
bowl,10
favorite,10
full,10
muscles,10
most,10
1/2,10
getfit,10
tomato,10
vegetables,10
well,10
fitmom,9
yourself,9
bodybuilder,9
dedication,9
weekend,9
making,9
think,9
were,9
squat,9
follow,9
its,9
energy,9
model,9
holidays,9
big,9
power,9
few,9
train,9
salad,9
npc,9
progress,9
boxing,9
ca,9
fitgirl,9
add,9
stay,9
give,8
end,8
weeks,8
inspire,8
nike,8
butter,8
boxes,8
post,8
night,8
did,8
lifting,8
coaching,8
say,8
sport,8
better,8
cycling,8
squash,8
around,8
wbff,8
los,8
photooftheday,8
part,8
vitamins,8
while,8
transformation,8
quinoa,8
e,8
squats,8
makes,8
|,8
their,8
thanksgiving,8
tomatoes,8
'll,8
success,8
personaltraining,8
basil,8
gymrat,8
program,7
mi,7
beauty,7
legday,7
another,7
too,7
weightlifting,7
sugar,7
kodaikherb,7
aesthetic,7
una,7
bulking,7
things,7
herbalife,7
aikherbkod,7
down,7
support,7
na,7
detox,7
dance,7
focus,7
hardwork,7
water,7
mas,7
looking,7
thing,7
cheese,7
oats,7
ground,7
un,7
many,7
those,7
determination,7
being,7
nutrients,7
trying,7
iherbcode,7
5,7
pool,7
forget,7
vegetarian,7
hour,7
huge,7
overnight,7
aikherb,7
hard,7
really,7
eggs,7
8,7
porque,7
lowcarb,7
please,7
let,7
cleaneats,7
onlineshopping,7
iherbcoupon,7
cup,7
homemade,7
athlete,7
single,7
pilates,7
wellbeing,7
giving,7
process,7
doing,7
pan,7
start,7
min,7
fuel,7
photography,7
she,7
nutritious,7
keto,7
vida,7
other,7
iherbdiscount,7
nopainnogain,7
seeds,7
tips,6
fitnessgirl,6
healthyeats,6
must,6
join,6
lycopene,6
london,6
oven,6
personal,6
realfood,6
mean,6
soda,6
fitnessjourney,6
aikherbpokupki,6
iherbpromo,6
opportunity,6
noexcuses,6
months,6
old,6
aikherbskidka,6
lot,6
daily,6
yummy,6
everything,6
cook,6
quick,6
fatloss,6
bake,6
working,6
live,6
chocolate,6
spa,6
years,6
still,6
onlinestore,6
tell,6
karate,6
coconut,6
any,6
take,6
track,6
proud,6
iherbmania,6
snack,6
morning,6
6,6
coupons,6
myself,6
same,6
aikherbomaniia,6
swim,6
coupon,6
enough,6
iherbhaul,6
>,6
very,6
results,6
difference,6
tea,6
amount,6
promokodaikherb,6
learn,6
goal,6
block,6
actually,6
sauce,6
done,6
cups,6
together,6
added,6
plan,6
session,6
gainz,6
momlife,6
both,6
achieve,6
nutricion,6
fun,6
thelondonguide,6
roasted,6
fake,6
run,6
skidkiaikherb,6
favourite,6
wrestling,6
use,6
women,6
clients,6
something,6
hemp,6
perfect,6
lo,6
flex,6
times,6
mensphysique,6
beastmode,6
bed,6
half,6
iherbsale,6
mix,6
bring,6
powerlifting,6
instafood,6
aesthetics,6
vs,6
dieta,6
sauna,6
//,6
happiness,6
lean,6
world,6
iherbdiscounts,6
couponing,6
certain,5
baking,5
enjoy,5
second,5
couple,5
recovery,5
place,5
avocado,5
por,5
saturday,5
took,5
fashion,5
dm,5
bar,5
repost,5
three,5
lift,5
igfitness,5
tuna,5
hydration,5
thanks,5
yet,5
super,5
o,5
selfie,5
entrepreneur,5
why,5
helps,5
coach,5
dairyfree,5
bit,5
positive,5
olive,5
heart,5
crazy,5
veganfood,5
sunday,5
guys,5
stress,5
cold,5
thank,5
name,5
carb,5
yum,5
picoftheday,5
10,5
sale,5
feta,5
salt,5
truly,5
between,5
s,5
comes,5
amino,5
foodblogger,5
tasty,5
again,5
important,5
month,5
te,5
healthier,5
two,5
share,5
egg,5
turmeric,5
20,5
found,5
fitdad,5
igfit,5
banana,5
self,5
hit,5
salud,5
workouts,5
box,5
higher,5
early,5
onion,5
long,5
having,5
plexus,5
pepper,5
healthychoices,5
spaghetti,5
mindset,5
30,5
products,5
started,5
high,5
light,5
own,5
holiday,5
product,5
recipes,5
such,5
stuff,5
packed,5
email,5
less,5
lose,5
fitchick,5
ripped,5
getting,5
acids,5
instafitness,5
sleep,4
trainer,4
dry,4
typically,4
foods,4
las,4
gymmotivation,4
garlic,4
zero,4
este,4
ginger,4
mint,4
soaked,4
exercises,4
busy,4
lchf,4
said,4
away,4
rolled,4
excited,4
alimentos,4
quotes,4
yes,4
tip,4
level,4
dia,4
team,4
nbv977,4
earth,4
vy,4
figure,4
awesome,4
plus,4
maybe,4
hot,4
vision,4
nutritional,4
fitnesslifestyle,4
15,4
pro,4
online,4
sure,4
weightlosstransformation,4
pump,4
daal,4
mung,4
como,4
gymvirals,4
without,4
4,4
using,4
wheat,4
routine,4
gone,4
al,4
gifts,4
herbs,4
brands,4
hiit,4
starting,4
blueberries,4
smile,4
ta,4
list,4
site,4
sixpack,4
dress,4
comfort,4
coming,4
style,4
always,4
since,4
members,4
circuit,4
miss,4
least,4
strongnotskinny,4
client,4
workhard,4
cover,4
clean,4
healthcoach,4
foodpic,4
point,4
sweet,4
each,4
community,4
along,4
champion,4
whatever,4
ready,4
grind,4
mom,4
extra,4
muaythai,4
alpha,4
accountability,4
lemon,4
tastingtable,4
acai,4
cooked,4
weights,4
code,4
get_repost,4
peanut,4
include,4
chickpeas,4
explore,4
others,4
spices,4
apple,4
dinners,4
instead,4
choose,4
classicphysique,4
youtube,4
1.5,4
se,4
should,4
means,4
joy,4
bbg,4
evoo,4
promo,4
40,4
grow,4
details,4
fats,4
healthyrecipes,4
literally,4
stage,4
instahealth,4
brand,4
gain,4
stories,4
goodness,4
girl,4
incredible,4
baked,4
estilodevida,3
under,3
rise,3
cooking,3
bikini,3
active,3
slices,3
entrenador,3
sliced,3
unit,3
browse,3
nuts,3
beach,3
blogger,3
therapy,3
potatoes,3
filling,3
roast,3
break,3
waffle,3
created,3
chopped,3
lettuce,3
spinach,3
friend,3
iron,3
esta,3
workoutmotivation,3
fennel,3
marillewellyn,3
lots,3
yogurt,3
grainfree,3
foodblogfeed,3
website,3
eatwell,3
custom,3
fitnessgoals,3
hand,3
programs,3
photo,3
cactus,3
vscofood,3
possible,3
shoulder,3
prepping,3
eeeeeats,3
core,3
onlinecoach,3
empowerment,3
ahi,3
balanced,3
offering,3
becoming,3
hear,3
true,3
congratulations,3
stores,3
loveyourself,3
muscular,3
hungry,3
fitlifestyle,3
picture,3
put,3
welcome,3
push,3
menos,3
grateful,3
row,3
yeast,3
christmas,3
upper,3
pork,3
says,3
tataki,3
alone,3
root,3
everybody,3
mentalhealth,3
angela,3
faith,3
effort,3
foodies,3
information,3
needs,3
diva,3
fitgirls,3
su,3
taking,3
mealplans,3
brain,3
smoothie,3
thankful,3
january,3
pharmacies,3
mexico,3
salads,3
living,3
healthandfitness,3
walnuts,3
care,3
sabor,3
musclecontest,3
tomorrow,3
anyone,3
healthyfoodshare,3
cleanse,3
12,3
mindfulness,3
overcoming,3
performance,3
200,3
begin,3
especially,3
average,3
pumpkin,3
plan/,3
y'all,3
peppermint,3
outside,3
nutricao,3
fight,3
sodium,3
cancer,3
fruits,3
bossbabe,3
situation,3
everyday,3
different,3
ya,3
todos,3
fitchicks,3
driven,3
fruit,3
foodpics,3
bookstagram,3
eathealthy,3
tuesday,3
accepted,3
pounds,3
business,3
quit,3
exciting,3
side,3
fish,3
complete,3
bundt,3
spice,3
deporte,3
fill,3
"35,000",3
nutrient,3
decisions,3
tu,3
including,3
shredding,3
supplement,3
ass,3
instagram,3
burger,3
learned,3
movement,3
sardines,3
november,3
pottenger,3
nevergiveup,3
bienestar,3
adventure,3
register,3
mission,3
house,3
beyond,3
calorie,3
giveaway,3
benefits,3
number,3
cada,3
believe,3
lifts,3
build,3
eaten,3
blend,3
shoutout,3
his,3
sugarfree,3
during,3
loveyourbody,3
available,3
solo,3
feeling,3
nzifbb,3
simply,3
pt,3
vegansofig,3
po,3
entrenamiento,3
else,3
prices,3
real,3
buzzfeedfood,3
shirt,3
used,3
fatty,3
person,3
shape,3
discipline,3
lit,3
zucchini,3
ourselves,3
fitfoodie,3
shine,3
anything,3
pepperoni,3
..,3
forward,3
foodlover,3
definitely,3
kickboxing,3
noche,3
helping,3
ago,3
required,3
far,3
rawvegan,3
produce,3
tiuteam,3
deadlift,3
continues,3
agua,3
race,3
booty,3
postworkout,3
acid,3
click,3
sexy,3
mondaymotivation,3
1/4,3
baby,3
snacks,3
chia,3
justdoit,3
hormones,3
breast,3
move,3
superfoods,3
boxa,3
books,3
instadaily,3
red,3
additional,3
steak,3
south,3
ifbbpro,3
waffles,3
class,3
fact,3
watch,3
tobacco,3
"1,200",3
closer,3
mountainbiking,3
cauliflower,3
wrap,3
winning,3
preworkout,3
finished,3
kagedmusclesupps,3
vanilla,3
va,3
almost,3
believeinyourself,3
foodisfuel,3
tattoo,3
hulled,3
spartanrace,3
upon,3
beast,3
broccoli,3
ingredients,3
aparte,3
lately,3
sick,3
gmail.com,3
delicioso,3
loaded,3
paper,3
gained,3
sweat,3
foodphotography,3
comida,3
lost,3
followme,3
nourish,3
tossed,3
below,3
cake,3
problem,3
neverquit,3
junk,3
friends,3
four,2
foods4thought,2
appetite,2
feeding,2
buddy,2
teaching,2
worth,2
goodfood,2
every,2
bringing,2
pinch,2
cheflife,2
eggfree,2
frosted,2
chef,2
sustaining,2
n,2
children,2
fitover60,2
entreprenuer,2
dr.,2
told,2
preparar,2
noclasstimes,2
106,2
mozzarella,2
fantastic,2
slimmingworld,2
squad,2
call,2
h,2
type,2
sushi,2
females,2
pic,2
warm,2
pouco,2
intake,2
permite,2
faz,2
reach,2
honey,2
absolute,2
turn,2
travel,2
neversurrender,2
ordinary,2
everyrideisepic,2
yellowtail,2
cleangains,2
eatyourveggies,2
evidencebasedathlete,2
appreciate,2
greek,2
enter,2
leggings,2
athletes,2
fall,2
taldykorgan,2
crew,2
almonds,2
hikeabike,2
usnfit,2
bread,2
meat,2
estabilidad,2
gon,2
trainers,2
gymwear,2
mealpreponfleek,2
edwarrior,2
venezuela,2
acnotin,2
foto,2
struggle,2
grapes,2
latissimus,2
starts,2
shipped,2
atp,2
bodygoals,2
purpose,2
equilibrio,2
likely,2
girls,2
askmehow,2
canned,2
serve,2
anxiety,2
classes,2
alkalinewater,2
whole30,2
runner,2
mine,2
lunchtime,2
obviously,2
summerbody,2
convenient,2
fullbodyworkout,2
though,2
amzngfitgirls,2
acaibowl,2
edrecovery,2
nachos,2
instamood,2
man,2
came,2
incorporate,2
dietfood,2
hunger,2
cous,2
kale,2
rich,2
oct,2
wearing,2
guatemala,2
spirit,2
greens,2
cartergood,2
bao,2
ucan,2
w/,2
festive,2
workoutvideo,2
men,2
improve,2
shallen_mirzababa,2
jelly,2
cod,2
fithome,2
strongwomen,2
kettlebells,2
bethechange,2
100,2
beef,2
confident,2
beer,2
fry,2
lovely,2
25g,2
puedes,2
walkwithindia,2
inspired,2
amazonhome,2
nocooking,2
portal,2
cycle,2
humble,2
ocean,2
charity,2
left,2
traditions,2
acknowledge,2
yep,2
freerangehuman,2
hay,2
whatsapp,2
nutritionists,2
wellnesscoach,2
befit,2
nourishyourbody,2
deal,2
touch,2
humor,2
bottom,2
chefamethyst,2
comments,2
shakes,2
comfortfood,2
asafetida,2
columbus,2
burner,2
guilty,2
curry,2
digestion,2
musculos,2
soon,2
head,2
9round,2
beets,2
inside,2
toss,2
sprouts,2
physical,2
ne,2
topped,2
reality,2
'd,2
neighbors,2
skin,2
brown,2
advantage,2
dip,2
round,2
olympia,2
fitnation,2
rideyourbike,2
armsday,2
184.50,2
alkaline,2
v,2
wait,2
republicadominicana,2
usually,2
stew,2
overtrain,2
1st,2
plate,2
willpowerelite,2
additive,2
sports,2
memory,2
hockey,2
club,2
thewomansbuilding,2
publicfigure,2
easiest,2
soup,2
trapqueen,2
sense,2
pink,2
donnahaymagazine,2
olympiada,2
athletessence,2
spot,2
fueled,2
brussel,2
chickpea,2
shake,2
mais,2
non,2
killer,2
maintaining,2
motivacion,2
anytimefitnesscircularquay,2
photoshoot,2
beforeandafter,2
soy,2
beachbody,2
sctc,2
katie,2
possibility,2
shi,2
<,2
portlandfitness,2
directly,2
open,2
city,2
checked,2
caught,2
white,2
meme,2
watching,2
butt,2
runningnative,2
18,2
apples,2
lunches,2
san,2
recover,2
ketodiet,2
vidasaudavel,2
freakofnature,2
opposite,2
pleasure,2
sauteed,2
shou,2
cheat,2
rendir,2
discovered,2
hills,2
correctly,2
anorexiarecovery,2
getstrong,2
prime,2
9094920634,2
cumin,2
ketogenic,2
miles,2
husband,2
vkusno,2
physically,2
instapic,2
ways,2
boundaries,2
busymom,2
hiitworkout,2
ketosis,2
25,2
spartan,2
cheap,2
mxoxb,2
blame,2
debit/credit,2
dates,2
chestday,2
turkey,2
olives,2
west,2
vacation,2
mark,2
photos,2
bayojuiceco,2
heartratemonitor,2
limits,2
might,2
nomnom,2
roadbike,2
coffee,2
sleeping,2
iifymgirls,2
tarde,2
entonces,2
tracking,2
hubby,2
summer,2
oxigeno,2
kill,2
flavor,2
speed,2
thinking,2
blog,2
thoughts,2
nothealthbuthalal,2
dark,2
nodaysoff,2
exerciseismedicine,2
mantener,2
pickled,2
genetics,2
buddha,2
felt,2
chowtime,2
leftover,2
ok,2
coccion,2
meaning,2
tribe,2
fitstagram,2
kagedmuscle,2
momgoals,2
blessed,2
everyone,2
skillet,2
mental,2
fast,2
omega,2
low,2
series,2
rawfood,2
media,2
spicy,2
burn,2
pull,2
grasa,2
usted,2
ab,2
ai,2
studyaccount,2
harvest,2
deserve,2
lcdamethyst,2
green,2
gaining,2
mozhete,2
_______________________________________________,2
m,2
includes,2
rokhardbody,2
selfcare,2
13,2
building,2
oportunidad,2
mtnbiking,2
freshfood,2
ceramic,2
habits,2
dish,2
singletrack,2
champions,2
dairy,2
fam,2
small,2
past,2
rate,2
cues,2
milk,2
experience,2
pick,2
options,2
via,2
shoulders,2
beginning,2
destination,2
neverending,2
flax,2
babyfood,2
keeping,2
avo,2
marthastewart,2
lives,2
garden,2
answer,2
cleansing,2
vigilance,2
stir,2
plant,2
sandwich,2
december,2
pat,2
choice,2
grande,2
hell,2
21,2
healthycuisines,2
myzone,2
mealplan,2
selfmazine,2
reactions,2
generation,2
idea,2
portland,2
alcohol,2
weightlossgoals,2
studying,2
7,2
friday,2
cookie,2
needing,2
eatrealfood,2
swipe,2
noms,2
wonderful,2
tastetime,2
boots,2
focusing,2
dried,2
juicy,2
fitnesslover,2
customized,2
juice,2
depending,2
empowered,2
letthegainzbegin,2
nothing,2
reward,2
grams,2
h2o,2
deepakchopra,2
blender,2
impact,2
costs,2
someone,2
money,2
feels,2
longest,2
x,2
insane,2
bars,2
art,2
convenience,2
spend,2
finediningmeals,2
close,2
visiting,2
pictures,2
positivity,2
currently,2
mealprepmonday,2
attention,2
outfit,2
baltimore,2
cakes,2
consume,2
reasons,2
lbs,2
crispy,2
dropping,2
mexicanfood,2
alimentacion,2
nutritionsystems,2
ghee,2
spaghettisquash,2
honest,2
plants,2
sandiego,2
sesame,2
kick,2
dukkah,2
sanjeevkapoor,2
isotretinoin,2
funny,2
bikiniprep,2
yesterday,2
moving,2
wholesome,2
{,2
safe,2
edge,2
accutane,2
birthday,2
stabilization,2
alternative,2
education,2
taurine,2
parents,2
soooooo,2
venmo,2
intentionality,2
matters,2
essential,2
f52grams,2
wholefood,2
chard,2
lips,2
per,2
worldsgym,2
ufc,2
step,2
healthyfoodporn,2
askme,2
huffposttaste,2
article,2
goods,2
melbourne,2
range,2
beans,2
paypal,2
consultation,2
strengthtraining,2
potassium,2
glamour,2
potato,2
line,2
zhu,2
flow,2
darkchocolate,2
magazine,2
warning,2
curb,2
bicep,2
cafe,2
200g,2
fotodeldia,2
endurance,2
hydrated,2
mustard,2
helpful,2
drjkahn,2
requires,2
once,2
semana,2
imperfectproduce,2
optiwomen,2
beautifulcuisines,2
dessert,2
ketogenicdiet,2
biggest,2
cheesecake,2
jerk,2
saludable,2
waiting,2
indian,2
kitchn,2
leg,2
les,2
focused,2
healing,2
tv,2
credits,2
grandes,2
insulin,2
menu,2
climb,2
maker,2
dietitian,2
oils,2
themselves,2
antioxidants,2
fitforlife,2
metanoiafit,2
tax,2
folks,2
www.lcdamethyst.com,2
potential,2
ride,2
womeninculinary,2
_betterbutter_,2
control,2
sentimientos,2
tag,2
thenewhealthy,2
entrenadores,2
sit,2
highprotein,2
lunchbox_com,2
weightlossmotivation,2
fitlive,2
cheaper,2
gymeez,2
honestly,2
allow,2
fitover50,2
indianfood,2
freerangehumans,2
smallbusiness,2
nada,2
nyc,2
foodtalkindia,2
coriander,2
mushrooms,2
goodeats,2
moda,2
variety,2
ayuda,2
memes,2
shots,2
shit,2
planner,2
personaltrainers,2
craving,2
prepare,2
shred,2
shrek,2
2018,2
ponzu,2
completed,2
bpi_sports,2
recess,2
remember,2
develop,2
cucumbers,2
cravings,2
curves,2
profile,2
buy,2
dosas,2
benchpress,2
able,2
mealprepideas,2
farmraised,2
fair,2
eatlocal,2
strongmom,2
scrambled,2
},2
chances,2
pause,2
fitover40,2
hope,2
overall,2
ones,2
perfection,2
foodbloggerai,2
foodgawker,2
girlswithmuscle,2
swole,2
generations,2
quoteoftheday,2
atpscience,2
job,2
motivationmonday,2
w,2
etc,2
getmine,2
otherwise,2
comment,2
oregano,2
news,2
acts,2
yas,2
diferenca,2
taste,2
gopro,2
feliz,2
healthybody,2
waste,2
bbq,2
losingweight,2
bulk,2
2015,2
value,2
country,2
wild,2
ve,2
blood,2
helped,2
despues,2
lecordonbleu,2
fitquote,2
healthadvice,2
largest,2
gets,2
drink,2
nation,2
resultado,2
thought,2
shrimp,2
newest,2
skincare,2
bodytransformation,2
simple,2
runners,2
crushed,2
real_simple,2
fitfluential,2
loss,2
nutricional,2
works,2
scapular,2
ideals,2
growth,2
looked,2
supportive,2
est,2
preheat,2
passion,2
chains,2
rock,2
musculation,2
cuerpo,2
sportsnutrition,2
anupampkher,2
chance,2
melindafrenchgates,2
cranberry,2
cocoa,2
included,2
veganlifestyle,2
weather,2
female,2
rush_from_rage,2
thefeedfeed,2
324th,2
9.5,2
gluten,2
count,2
reeducacao,2
smooth,2
fuelyourbody,2
dmv,2
humbling,2
ink,2
monitors,2
u,2
francisco,2
flexibledieting,2
vegandessert,2
gal,2
bbcgoodfood,2
omega3,2
bbggirl,1
bajardepeso,1
howweliv,1
1200,1
weknowwhatsupp,1
jaycutlerclassic,1
vezes,1
goldenerafitness,1
malaysianvegan,1
dostupnoi,1
gymgirlvids,1
hate,1
consider,1
cookingforkids,1
isometric,1
timeforchange,1
roadto185,1
ketocommunity,1
bzhu,1
neighbours,1
bike,1
5lb,1
buck,1
milesandsmiles,1
aisopeuro,1
zdorovoepitanie,1
himalayansalt,1
boxeats,1
420lasvegas,1
teenathletes,1
fitnessaddicted,1
lotsss,1
jeanclaude,1
personnaltrainer,1
cavachonlove,1
bomb.com,1
portlandcrossfit,1
vast,1
rybiizhir,1
tickets,1
30ish,1
fitlifecreation,1
jakedaltonfitness,1
proteinpowder,1
companies,1
bodysoul,1
000,1
anyways..,1
keepinithumble,1
honor,1
athletelife,1
alphaejfitness,1
livehealthy,1
wtfowen,1
cheeto,1
nutritionalyeast,1
ups,1
esforcos,1
9pm,1
fitnessvloggers,1
zinc,1
tired,1
instafame,1
essentialoils,1
me.,1
japanese,1
bewell,1
elegant,1
street,1
olvida,1
colourful,1
lgsisters,1
army,1
bodybuildingmotivation,1
mediterraneanfood,1
inflammatoryboweldisease,1
tipo,1
arrase,1
bagres,1
150g,1
ebbs,1
fotografos,1
lgmom,1
lowcarbhighfat,1
27g,1
herb,1
vegetales*,1
jasmine,1
verobeach,1
met,1
china,1
'spare,1
lyonnais,1
cochino,1
skidki,1
epigenome,1
patches,1
precontestprep,1
kids,1
snacked,1
oman,1
leaves,1
selenators,1
dumbbell,1
credit,1
cyber,1
dimondfitness,1
kachestve,1
smoke,1
miamibeach,1
california,1
fui,1
changes,1
kachestvo,1
studentlife,1
drenagemlinfatica,1
fix,1
gymhumor,1
getbig,1
replace,1
rhoc,1
iz,1
dogoodfeelgood,1
zakaza,1
lovatics,1
shrezd,1
passionfruit,1
pulp,1
motivate,1
arms,1
tenders,1
grasas,1
therefore,1
shed,1
zdorov'e,1
vac/k,1
stifflegdeadlifts,1
main,1
mantenerte,1
successful,1
caloriefixes,1
eatlife,1
antirotation,1
hurt,1
phone,1
youonlygetonelife,1
former,1
90,1
hole,1
photographers_tr,1
tampa,1
room,1
mpfitnesstraining,1
roof,1
busca,1
temperatures,1
already,1
robbwolf,1
goodcompany,1
absorbable,1
vodka,1
zella,1
400deg,1
rumpsteak,1
mostlypaleo,1
preserving,1
uat,1
combos,1
hormone,1
caused,1
seminormalism,1
fuel.sports.nutrition,1
premium,1
https//lexiscleankitchen.com/italianstylespaghettisquashbake/,1
bodytemplephysiques,1
eatbigtogetbig,1
loompa,1
eatingdisorderrecovery,1
vaporeradebambu,1
feature,1
ig,1
nutritionaltherapypractitioner,1
mindbodysoul,1
'just,1
honored,1
westpalm,1
weekendwarrior,1
mess,1
streetfashion,1
abdomen,1
jasperbrewing,1
wrong,1
calidad,1
vegans,1
igers,1
lat,1
lifefitness,1
gymrats,1
growthebooty,1
lap,1
types,1
purchase,1
truebeauty,1
fuerza,1
janis,1
nomercy,1
bestprice,1
centro,1
holidayfoods,1
algunos,1
bs,1
cadio,1
justinbieber,1
maintain,1
teambfitness,1
vapor,1
order,1
***,1
calorieburn,1
prioritizing,1
unfolds,1
younglivingdistributor,1
office,1
fitinspiration,1
profits,1
satisfied,1
millionairemindset,1
teen,1
yesstraining,1
yvettebrownifbb,1
margaretriver,1
kong,1
vandamme,1
goodhealthybodies,1
24th,1
zevia,1
richnutrition_,1
f45,1
gente,1
blown,1
imitatedneverduplicated,1
plantation,1
production,1
givingtuesday,1
easyrecipe,1
kidfree,1
cinturinhaa,1
fin,1
dietaetreino,1
vegeterian,1
productivas,1
smallbusinesssaturday,1
instagrambodybuilding,1
babies,1
rhoufh,1
produktov,1
similar,1
bodybuiding,1
sueno,1
sixpac,1
vivir,1
versagrips,1
bang,1
lento,1
effects,1
supposed,1
sangre,1
litro,1
bibimbap,1
essentialfattyacids,1
23weeksout,1
katrinajulia,1
thyme,1
zriiachieve,1
mitocondrias,1
debut,1
bootay,1
savagebodyz,1
went,1
week2,1
rosemary,1
expectancy,1
cdm,1
lifted,1
pizzatopping,1
constipation,1
concord,1
iifymers,1
visitcalifornia,1
healthymadeeasy,1
missnz,1
taught,1
lifter,1
yvette,1
melting,1
duhhhhhh,1
extract,1
14monthsold,1
reasonswhyimsingle,1
sprints,1
large,1
brothbaby,1
proteinbar,1
bodybybacon,1
quality,1
tried,1
traindirty,1
rx,1
inba,1
cheesy,1
nib,1
encourage,1
medicine,1
trenirovka,1
trainerb,1
iffitsyourmacros,1
turning,1
blake_arogers,1
womanquotes,1
ntp,1
lexiscleankitchen,1
fave,1
given,1
standard,1
245,1
remaining,1
postres,1
cheers,1
sano,1
ficaadica,1
sheet,1
249,1
venus,1
healthyfoodlovers,1
donkey,1
ate,1
labores,1
corn,1
caesar,1
century,1
levels,1
competed,1
students,1
giftyourself,1
nutraceuticals,1
adivinen,1
naughty,1
selfdevelopment,1
reflexcountryhills,1
realidad,1
fittness,1
selfreflection,1
encouraging,1
staring,1
staying,1
thicc,1
grain,1
zrii,1
clarity,1
veganbodybuilding,1
livcyclingusa,1
nashego,1
holidaytraditions,1
plentiful,1
needed,1
gut,1
master,1
flavors,1
youtuber,1
rockin,1
hollywood,1
legs,1
listen,1
cubemallusa,1
almond,1
newlyvegan,1
segunda,1
chiogga,1
safispirit,1
wisdom,1
processedmeat,1
veg,1
hitempathletics,1
wan,1
crawl,1
diga,1
healthyfoods,1
begins,1
desiccated,1
rbt,1
target,1
_____________________________________________________________________,1
amanha,1
participated,1
entrar,1
thejohnald,1
studymotivation,1
foodaction,1
old..i,1
belafernandez,1
k,1
kontakty,1
highfat,1
beingfit,1
mineralneeds,1
stagnated,1
esto,1
smoking/dipping,1
talking,1
its_choke,1
hydrowhey,1
compression,1
seen,1
seem,1
relatively,1
physiquefreak,1
ketofam,1
millenials,1
nami,1
www.ticketmaster.com,1
fuerzaabdominal,1
depressionwarrior,1
deconstructed,1
iwill,1
chest,1
hubbymade,1
adds,1
m_g_57,1
rides,1
lugares,1
timetocutarug,1
nutricionista,1
buenosdias,1
limitless,1
peek,1
strict,1
activeedge,1
regular,1
pnw,1
hormonal,1
thoracic,1
grave,1
glow,1
constancy,1
motivators,1
lifesaver,1
observation,1
dom,1
canasta,1
selfdiscovery,1
darlingweekend,1
plantpowered,1
points,1
calmness,1
ilovetattoos,1
dos,1
consumer,1
section,1
figurepro,1
kaylabbg,1
coldpressedjuice,1
completely,1
queen,1
sage,1
too..,1
vloggers,1
powerkraut,1
alphalete,1
fooled,1
saglikli,1
eatfood,1
optimen,1
enjoyed,1
toast,1
greenbay,1
situations,1
explain,1
pyromania,1
foodshare,1
velnes,1
theme,1
teamkagedmuscle,1
gods,1
fatstoragecausing,1
sulfonic,1
colorful,1
thekitchn,1
chaseitquett,1
hybridperformancemethod,1
kako,1
drinkwater,1
www.mpfitness.com,1
fitgirlsguide,1
betterchoices,1
..a,1
wedding,1
trust,1
frying,1
zriilifestyle,1
beleive,1
siggisdairy,1
regularizando,1
dream,1
marketfresh,1
runs,1
arsenal,1
ahituna,1
16,1
idea/concept,1
fighters,1
guns,1
protsess,1
bad,1
whatveganseat,1
meps,1
zerocarb,1
pitaniiu,1
grilled,1
nutritionwarehouse,1
effing,1
lettering,1
drinkwaterdaily,1
potrait,1
mph,1
fluffy,1
nutricionistaenpereira,1
goodnight,1
decided,1
noodles,1
93,1
happeness,1
.it,1
loosingweightfeelinggreat,1
nerdygirl,1
muy,1
412,1
olympics,1
finger,1
glutamine,1
probiotics,1
coordinacion,1
musclebank,1
viernes,1
iherbrussia,1
letting,1
cajun,1
terms,1
move..,1
however,1
maximumperformancetraining,1
xmas,1
oompa,1
modeling,1
flowering,1
holds,1
burning,1
goddess,1
reflexarmy,1
changingpeopleslives,1
dostavkaedy,1
cow,1
funtionaltrainer,1
compton,1
lively,1
faces,1
todaysdietitianmagazine,1
studio,1
requests,1
pacificcrestcrossfit,1
com,1
eatbetter,1
immmma,1
pre,1
regranned,1
tough,1
healf,1
stoptheconfusion,1
durante,1
2nd,1
gainage,1
tons,1
massive,1
97,1
demais,1
butcher,1
pra,1
qcstrengthconditioning,1
speak,1
gratitude,1
source,1
detoxification,1
eatgoodfeelgood,1
oooooo,1
shamlessplug,1
730am,1
suplementacao,1
flexible,1
trusting,1
toning,1
families,1
ooooo,1
relaxing,1
fatfueled,1
nutritionaltherapy,1
theathleteacademy,1
math,1
pointing,1
drdrewbrazier.com/23,1
health_healthyfood,1
*proteina,1
leanstrongfast,1
catch,1
165,1
macronutrients,1
haters,1
brussels,1
uplifting,1
save,1
ahead,1
ncaavolleyball,1
tang,1
gastronomica,1
somneniia,1
creche,1
calcium,1
herbalifenutrition,1
visit,1
allnatural,1
realzar,1
tomar,1
bpisports,1
outstrip,1
manu_rincont,1
quickbite,1
player,1
cant,1
furmomlife,1
lifestylediet,1
goodfat,1
boom,1
containing,1
alimentarynutrition,1
linked,1
patient,1
belly,1
unfortunate,1
vegetable,1
plates,1
several,1
healthymom,1
mentor,1
clicking,1
btpnation,1
vegetales,1
noregrets,1
workoutday,1
waves,1
delight,1
potraitmoods,1
i.,1
afterthanksgiving,1
superstarch,1
ifbbwaikato,1
lovelulus,1
torontomodel,1
mintmask,1
instafollow,1
algun,1
game,1
www.activeedgewellness.com,1
www.esquiremeals.com,1
burgers,1
bodybuildingcom,1
somethingforeveryone,1
kotorye,1
romo,1
smoked,1
hacen,1
yours,1
*this,1
appelton,1
macrocap,1
longdayatwork,1
athletic,1
expanding,1
ideas,1
wildseafood,1
financially,1
gymfood,1
october,1
previous,1
cuatro,1
antes,1
freshfastfood,1
magically,1
nogymnoproblem,1
cherry,1
fog,1
shout,1
cranberries,1
cauliflowerrice,1
amor,1
cukes,1
bootygains,1
ketogains,1
coconutwater,1
toned,1
looks,1
yogachallenge,1
saying,1
wanting,1
vaporera,1
progresses,1
perfecta,1
progressnotperfection,1
apart,1
gymtime,1
prosupps,1
flavoring,1
gift,1
bpi,1
mishapvoid,1
veggiesworld,1
50,1
vloggerlife,1
spine,1
lefties,1
steps,1
selfies,1
malnutrition,1
http//www.healthtipscentral.com/neverusegingerifyouhaveanyoftheseconditionsitcancauseserioushealthproblemshealthtipscentral/,1
cleanout,1
sundried,1
juicecleanse,1
preorders,1
beneficial,1
hardcoreladies,1
www.marysfitbody.com,1
understand,1
pills,1
havarti,1
body..,1
oh,1
17g,1
dedicating,1
extended,1
guess,1
tutorial,1
harris,1
cybermonday,1
total,1
phenomenal,1
sajewellness,1
ansiosa,1
veganrecipes,1
missnewfoodie,1
treadmill,1
420,1
athleisure,1
sixpackabsindia,1
cbus,1
calorico,1
marketing,1
pictureofhealthpt,1
contest,1
isopro,1
kaletopped,1
trustyourself,1
wakeup,1
mypre,1
losing,1
peep,1
wonders,1
dead,1
browngirl,1
handle,1
archives,1
plum,1
cauli,1
diske,1
grown,1
ensure,1
bootyforday,1
permission,1
doctor,1
amalaki,1
teamnutrex,1
lifetimefitness,1
consumption,1
quadcities,1
goals/,1
wendy,1
festivalgastronomico,1
lightlycarbonated,1
hidratacion,1
lashes,1
amazingly,1
https//abshape.wordpress.com/trialclass/,1
knowing,1
lovegod,1
thelipoguy,1
absolutely,1
loving_earth,1
zakazat,1
aikherbskidki,1
music,1
avocados,1
cleanliving,1
metabolism,1
launching,1
fork,1
oneononetraining,1
http//www.payhip.com/rawfoodromance,1
concept2,1
roadtoglory,1
differences,1
artichoke,1
marinara,1
heat,1
nori,1
foodforfuel,1
bootybuilder,1
sustained,1
nov.,1
suspect,1
portions,1
supp,1
lovelife,1
peso,1
____________,1
adore,1
mtb,1
goalcrusher,1
soja,1
pricing,1
150,1
https//tithe.ly/give_new/www/,1
springmoves,1
skierg,1
classic,1
fury,1
proves,1
fifisofresh,1
blueberry,1
rebalance,1
pescience,1
holla,1
atividade,1
lawofattraction,1
leer,1
relax,1
wordisborn,1
weighloss,1
lifestylechoices,1
whew,1
bestofoman,1
fitnessfood,1
esquiremeals.com,1
muscatlife,1
empoweredwomen,1
green=while,1
sink,1
surfin,1
healthiest,1
ketchups,1
onlinenutrition,1
secondary,1
recommendedwaterintake,1
icn,1
otlichnoe,1
ripplefoods,1
domingo,1
excuse,1
normally,1
envigado,1
jacket,1
lbs/person,1
lchfdiet,1
babysteps,1
prismacolor,1
restored,1
stick,1
takzhe,1
bodytransfofmation,1
llr,1
global,1
maksimal'no,1
monterrey,1
/,1
deadlifting,1
corpo,1
creative,1
burnside,1
quartered,1
standpoint,1
certainly,1
goandgetfit,1
essentials,1
yvr,1
gymselfie,1
localeats,1
flash,1
startthedaywell,1
leanmuscle,1
8oz,1
finally,1
healthisyourgreatestwealth,1
hola,1
bests,1
uma,1
816,1
southwest,1
allencress,1
getamongstit,1
srgmuaythai,1
hannah,1
jerf,1
sponsors,1
aporte,1
dontstopthegrind,1
blades,1
wo,1
naidete,1
word,1
trouble,1
eats,1
margarita,1
nowhere,1
ry,1
biceps,1
dietanadomkz,1
letsgo,1
die,1
bachelorlifestyle,1
insanelyaddictive,1
posts,1
leave,1
rendimiento,1
soooo,1
planning,1
sweetpotatoefries,1
cosa,1
pms,1
seasoning,1
bravo,1
johnkcheng,1
boca,1
transform,1
steaks,1
blue,1
beachbound,1
quede,1
shirts,1
autorizada,1
hace,1
googleelo,1
rough,1
goes,1
lennox,1
rawfoodshare,1
|grow,1
empoweredfitness,1
psychotropic,1
marathontraining,1
pacientes,1
disease,1
doitforyou,1
quedan,1
current,1
micros,1
strongissexy,1
musclebuilding,1
cocao,1
filled,1
mp,1
supporting,1
beyourowncheerleader,1
pose,1
cookies,1
sweatingharder,1
eattheworld,1
personalttraining,1
nutritioncoaching,1
massagemmodeladora,1
instaessentials,1
yards,1
dopolnitel'noi,1
appears,1
alto,1
boy,1
yessss,1
hypoxico,1
goodwipes,1
united,1
alta,1
grechnevaia,1
diagnosed,1
christchurch,1
mymeals,1
weird,1
kcal,1
20mg,1
winner,1
hiking,1
shakeology,1
merely,1
bcaa,1
prefer,1
snaps,1
leanliferevolution,1
sufferers,1
eurekaclimb,1
rarely,1
crisis,1
mejora,1
jan,1
lightdinner,1
roma,1
stayfit,1
dude,1
fitlyf,1
creamy,1
olympian,1
presshealthybuttons,1
calgary,1
australian,1
sharing,1
teamgymeez,1
maximise,1
oregon,1
tunatataki,1
teaser,1
qing,1
everywhere,1
pequeno,1
berenjena,1
musiclife,1
sohappy,1
happywifehappylife,1
qcaa,1
recuerden,1
ybrown10,1
soul,1
you.|,1
believed,1
ibs,1
fulton,1
rugbyfeminin,1
foodgasm,1
attribute,1
voces,1
perder,1
heard,1
posing,1
performed,1
allowed,1
ironsirens,1
clothing,1
seattlefoodie,1
igfoodie,1
brain..,1
aplicados,1
tsene,1
obychno,1
sugars,1
winter,1
brandonbaumet,1
trainmean,1
giveaways,1
till,1
vancouver,1
bodyfitness,1
llego,1
dope,1
tseny,1
nye,1
welcometomyworld,1
cocktail,1
sacrifice,1
exhibitors.,1
oftenhidden,1
4th,1
aos,1
t432,1
date,1
drastic,1
efforts,1
seriousmass,1
waist,1
liquid,1
facile,1
lish,1
deportiva,1
newportbeach,1
provide,1
si,1
plyometric,1
crazyforcabana,1
inflamationfighter,1
tahini,1
pulled,1
colonic,1
legitimate,1
optimumnutrition,1
approx,1
serving,1
manera,1
words,1
craftbeer,1
anytimefitnesscq,1
zzzz,1
sweeny,1
mainly,1
mrnorthindia,1
m.,1
birds,1
zingiber,1
positivevibes,1
bootybuilding,1
dietasemsofrer,1
initiate,1
step/move,1
group,1
personalbranding,1
interesting,1
curls,1
occasionally,1
beyourbestself,1
sacral,1
mail,1
miracletreetea,1
colonics,1
mumsnbubs,1
nabba,1
thermogenic,1
sorriso,1
yogalove,1
conquer,1
200lbs,1
disappoint,1
sorted,1
https//whatgreatgrandmaate.com/paleoveganchocolatesweetpotatopudding/,1
drenagem,1
wont,1
moist,1
drop,1
teamself,1
drinkmorewater,1
disciplinas,1
november2017,1
colorsand,1
www.outlastnutrition.com,1
teamswole,1
proteina,1
em,1
reflexcalgary,1
yougotthis,1
hombre,1
switching,1
bemore,1
reunion,1
challenges,1
goafteryourgoals,1
/tithely/giveonetime/85412,1
cannabiscommunity,1
begun,1
feedthosemuscles,1
happen,1
10orunder,1
movenourishbelieve,1
sunrise,1
elizabeth,1
reasonstodrinkwater,1
shown,1
precooked,1
ripe,1
factors,1
100g,1
170lbs,1
squared,1
vegano,1
bebida,1
pamela,1
cobb,1
748lbs,1
formula,1
hulledhemp,1
advice,1
shows,1
intended,1
fisico,1
heavier,1
monster,1
rama,1
linkinbio,1
contain,1
boobs,1
fisica,1
flyer,1
dinnerinspo,1
igniteyourfire,1
backonthegrind,1
cara,1
onearm,1
higheststateofreadiness,1
e3,1
partner,1
advance,1
onthego,1
guste,1
sweatequity,1
transition,1
iherbproduct,1
10mg,1
roger_spearfit,1
nuff,1
bodyfit,1
swing,1
iamwellandgood,1
utilizarse,1
noprocessedfoods,1
existen,1
saving,1
xo,1
colors,1
stevens,1
lidiar,1
crossfitcommunity,1
lovefitness,1
mutantnation,1
chiaseeds,1
nutricionplena,1
message,1
srammtb,1
instasweet,1
size,1
iam,1
truthfully,1
jcmakeityours,1
ketones,1
slept,1
mystyle,1
moisture,1
realization,1
gymapparel,1
jake_dalton,1
speaking,1
gives,1
eyes,1
kaylaitsines,1
.up,1
cerebro,1
massagem,1
hut,1
topbodychallenge,1
inquires,1
mylife,1
stagescyclibg,1
x1,1
snacking,1
tecnica,1
'perfect,1
14,1
17,1
musclemania,1
veganicecream,1
atleta,1
airmail,1
poder,1
future,1
colombiano,1
edition,1
fizz,1
phone/online,1
rohnertpark,1
nzfitfam,1
sao,1
anb,1
saute,1
turned,1
marijuana,1
sad,1
dash,1
slam,1
20g,1
distorted,1
lizweiss,1
valerijaslapnik,1
slab,1
wbffbikinipro,1
80/20,1
alittlefreshflavour,1
form,1
wcw,1
115usd,1
60daychallenge,1
3..,1
ladiesgoneglobal,1
ideal,1
encouraged,1
iherbrewards,1
thoracolumbar,1
ultimate,1
butterfly,1
pain,1
girlboss,1
knew,1
numero,1
caferepublic,1
foodismedicine,1
smokers,1
importantly,1
chicagoevents,1
microgreens,1
disponibles,1
surfsetchicago,1
empoweredbymyjourney,1
exercisephysiology,1
jaspernationalpark,1
considered,1
ancestralhealth,1
wholebody,1
1..,1
sweetgreen,1
correria,1
bodybuildinglife,1
hoboken,1
wine,1
carolynoneil,1
shop,1
ketoweightloss,1
show,1
edibolickitchen,1
elevate,1
accepting,1
muscatmums,1
westlinnstrong,1
officinal,1
bikinipro,1
cleanweek,1
sponsorship,1
boyfitness,1
intuitiveeating,1
fibre,1
veganos,1
stair,1
favor,1
textura,1
texture,1
considerable,1
enfocan,1
muffin,1
estar,1
ladyboss,1
awareness,1
87usd,1
reavaliacao,1
clientoftheweek,1
quads,1
expectation,1
aim,1
nearly,1
fall2017,1
amigosas,1
healthcoachesi,1
event,1
brekky,1
freaking,1
makerightchoices,1
aluminum,1
sum,1
canadianrockies,1
bulkpowders,1
dough,1
finishing,1
tortilla,1
plantbasedartist,1
ubedit'sia,1
pummeled,1
desserttable,1
sear,1
foodtips,1
nutritionfirst,1
eattobehappynotthin,1
j.,1
college,1
chunked,1
studyblr,1
page,1
simplythebest,1
planet,1
kwilzyo,1
demasiadas,1
firebread,1
fascinated,1
commitments,1
addicted,1
mayor,1
/643269e7/2,1
hillsdistrict,1
airfit,1
reading,1
moment**,1
notice,1
keepitpositive,1
eatfit,1
comp,1
tus,1
fdoe,1
zara,1
concentrate,1
ji,1
breakdown,1
je,1
chick,1
fittip,1
lovewhatyoueat,1
mans,1
superstar,1
avoid,1
deportes,1
yourbeststartshere,1
23,1
selenagomez,1
tout,1
berry,1
workinghard,1
progression,1
clienta,1
duty,1
laboomlife,1
afterwards,1
color,1
pow,1
cuando,1
reconmarine,1
cannabisculture,1
60,1
dietitianswholift,1
dominate,1
65,1
goldsgym,1
69,1
hydrate,1
lgchallenge,1
sleeptime,1
rebuild,1
informed,1
goaloriented,1
missnewzealand,1
scnpc,1
mars,1
consejos,1
demilovato,1
slightly,1
reflex,1
squareorganics,1
ketogainz,1
fig,1
direction,1
42usd,1
transportation,1
surfitlennox,1
fitspiration,1
crazyrichardspb,1
400,1
runchat,1
shieldsofstrength,1
domore,1
proven,1
metalica,1
hashtag,1
calligraphy,1
diffuse,1
atkins,1
worried,1
spoonfuls,1
thoughts/information,1
cast,1
bukingforlife,1
pollo,1
myfitnessjourney,1
yourfavoritenutritionconsultant,1
invited,1
doitforlife,1
celiac,1
tourtheplanet,1
pumpitup,1
middle,1
wheatgrass,1
evening,1
traveltagged,1
minds,1
verao,1
muffins,1
motivated,1
replacement,1
saladeveryday,1
dragging,1
participant,1
eattherainbow,1
mindfulnesseatingpereira,1
medio,1
pay,1
admit,1
enquiries,1
femalefitnesshumor,1
loveit,1
underestimate,1
prosupps.com,1
nomoreyoyodieting,1
healthtalk,1
workplace,1
easy_vegan,1
applaud,1
teaspoon,1
350,1
firstday,1
instaphoto,1
chorizo,1
stockingfillers,1
changing,1
7daychallenge,1
totally,1
tradition,1
mentally,1
fitbabe,1
inkboy,1
projetoverao,1
burrito,1
mindfuleating,1
armworkout,1
macro,1
floor,1
zriirise,1
caliente,1
paste,1
bottle,1
tiu,1
besthusbandever,1
anomalyathlete,1
cuente,1
bodies,1
nessa,1
442x3x6,1
lb,1
peace,1
processo,1
babyfatcomingoff,1
actions,1
gohard,1
leeway,1
130usd,1
ounces,1
mindsetiseverything,1
simplemente,1
myhuddlestonblessings,1
blogher,1
weekly,1
lennoxhead,1
charlestonstyle,1
cilantro,1
abshape,1
assessment/,1
motivationalquotes,1
letsberealmealsor,1
tiumom,1
guthealth,1
parar,1
bestoftheday,1
samples,1
helpingothers,1
team_strength,1
cashewbutter,1
jake,1
easily,1
rules,1
jeans,1
lado,1
calendars,1
fridge,1
strongfit,1
pop,1
schedules,1
fatburner,1
blankets,1
desempeno,1
2550,1
christina,1
whey,1
towel,1
medellin,1
explicaciones,1
either,1
beverly,1
girlgetters,1
aplicar,1
sack,1
saglik,1
dicasdanutri,1
sunsu,1
competition,1
hacks,1
ketocoach,1
travelista,1
cruz,1
awareand,1
blocking,1
cr,1
tatoo,1
atletadecristo,1
codenbv977,1
programming,1
passions,1
slice,1
micro,1
cabana.acai.my,1
searing,1
fabulous,1
cannabis,1
oznakom'tes,1
critical,1
provides,1
lifeisdelious,1
carretera,1
hustle,1
measuring,1
scientific,1
nails,1
earn,1
.things,1
goooooood,1
ifbbnz,1
throw,1
earlier,1
brighton,1
workkngonmyself,1
mondaytransformation,1
industry,1
capable,1
momfail,1
chop,1
peanutbutter,1
greatly,1
nutritionstudent,1
mixed,1
donut,1
bond,1
os,1
confidence,1
scrippscollege,1
ladies,1
http//bit.ly/1yk0xcd,1
herbaltea,1
vitaminydliazhenshchin,1
snapchat,1
mari,1
spinal,1
240,1
rising,1
jasper,1
yyc,1
goforit,1
spinae,1
jesscoate,1
arbonne,1
mums,1
area,1
hey,1
lol,1
sides,1
cats,1
mondays,1
brickell,1
diciendo,1
cultures,1
transitioning,1
travelinladies,1
white=,1
zabud'te,1
tranquility,1
muscleandfitness,1
57,1
beginners,1
studynotes,1
sled,1
transcendingmeals,1
fighter,1
cena,1
circulation,1
celebrating,1
bulimiarecovery,1
powerlifter,1
selfimprovement,1
strawberry,1
hoje,1
smallgrouppt,1
abuses,1
grasp,1
cientificas,1
exercisescience,1
ah,1
awry,1
deep,1
midweek,1
hazlo,1
saudavel,1
rapido,1
tenga,1
lucky400t,1
rubbed,1
biochemistry,1
storage,1
agotante,1
heresmyfood,1
nashi,1
veganfoodshare,1
mirellynutri,1
heats,1
invierno,1
northcarolina,1
l`yekuue`bhludefrm,1
sportsmedicine,1
seenonmyrun,1
chemo,1
buffet,1
warfareinc,1
suited,1
estudiados,1
posible,1
snagged,1
mocking,1
ketogeniclifestyle,1
shippystyle,1
nicecream,1
draaaank,1
mask,1
ayurvedic,1
hello,1
paleorecipes,1
brushpens,1
excuse/reason,1
asseenincolumbus,1
embracing,1
roughly,1
transito,1
surrounded,1
aktsiiaaikherb,1
founder,1
fuente,1
fitaaddictionpt,1
chto,1
none,1
neverstopexploring,1
vstretit,1
visionculture,1
fairness,1
research,1
atlanta,1
causes,1
reluctant,1
ochen,1
beyourownmotivation,1
gymnast,1
livelifefully,1
microwave,1
gla,1
hmb,1
dressing,1
alberta,1
overdoing,1
fitnessfreak,1
feria,1
sound,1
himalayan,1
woman,1
estaba,1
shipment,1
song,1
momoofdaughters,1
askmequestions,1
twight,1
multi,1
trainingday,1
goodforheart,1
likeforfollowers,1
theavomd,1
minded,1
decide,1
veganmealprep,1
bloodsugarregulation,1
guate,1
ghughessugarfree,1
alma,1
mothers,1
judith,1
conocimiento,1
joined,1
rugbywomen,1
dessertporn,1
almond/cashew,1
lump,1
users,1
cute,1
saude,1
largo,1
fitliveofficial,1
20th,1
soyfree,1
quicker,1
freakin,1
outwork,1
nearing,1
understanding,1
perception,1
flexfriday,1
pass,1
3.never,1
wisconsin,1
choices,1
scrambledeggs,1
seasalt,1
gorgonzola,1
supportlocal,1
modifiedpaleo,1
sua,1
wbff_official.atlantic,1
sun,1
ptipswich,1
ticks,1
sydneyfitness,1
ayudar,1
crush,1
mockreal,1
abt,1
correcto,1
livetravelchannel,1
multitude,1
tattoos,1
antiflexion,1
christian,1
rochelle,1
hours,1
surfset,1
directions,1
grape,1
respect,1
addictions,1
monetize,1
bjj,1
cocokindskincare,1
paleodiet,1
medica,1
pics,1
kettlebell,1
hypergrowth,1
supplikeaboss,1
advertising,1
dreamchaser,1
action,1
cortrx,1
~,1
sydneyfoodie,1
conditioning,1
sticking,1
hemphearts,1
followed,1
pico,1
beatitud,1
imagine,1
7lbs,1
*************,1
nta,1
highintensity,1
preparados,1
entrancing,1
buenas,1
vertebrae,1
otros,1
asi,1
noprocessedsugar,1
teammates,1
newzealand,1
eye,1
takes,1
physiques,1
pears,1
.check,1
lowfat,1
stirfry,1
gorgeous,1
mysterious,1
legpress,1
mejorar,1
trabajo,1
425,1
dietetics,1
glenhaven,1
company,1
tested,1
sonomacounty,1
emagrecimento,1
lemons,1
dios,1
predlozheniia,1
alldaylong,1
activebodyfit,1
snapfitness,1
vlogger,1
glad,1
7oz,1
science,1
yeahbuddy,1
khudeemletom,1
burnitoffbychrissy.com,1
pri,1
del,1
den,1
embrace,1
yemek,1
organicoats,1
potatoe,1
disparity,1
challenging,1
pushes,1
lovetheworld,1
nofucksgiven,1
ps,1
teammirellynutri,1
states,1
pushed,1
potatos,1
fuentes,1
iifymwomen,1
btpqueens,1
respective,1
saudeebemestar,1
rather,1
cigarettes/dip,1
askmeaboutit,1
buenos,1
men_physique,1
sauces/baked,1
81usd,1
studyspo,1
goat,1
healthystart,1
plans,1
rhomboids,1
veganlife,1
unique,1
1970s,1
sonomacountyhealthandwellness,1
realsimple,1
brownie,1
reflect,1
diferentes,1
puresafebeneficial,1
bbgcommunity,1
authentic,1
advertisements,1
shortcomings,1
nikkisunshinewb,1
coat,1
rapida,1
volleyball,1
whatnutritionstudentseat,1
eattogrow,1
npccompetitor,1
responsibility,1
1321days,1
concentracion,1
etpfitness,1
carbohydrates,1
growseason,1
nlaforher,1
dietaflexible,1
rawslice,1
torturous,1
nalgofilospr,1
developed,1
modellife,1
markpulse,1
nevergiveuponpeople,1
improvementwarrior,1
caramelslice,1
caligraphy,1
tipstotrain,1
replies,1
fit614,1
posted,1
dualipa,1
blast,1
fitboy,1
inward,1
justdidit,1
degrades,1
complex,1
late,1
buscar,1
symptoms,1
virtualcoach,1
pesto,1
cool,1
goodmorning,1
yi,1
lumbar,1
yo,1
grip,1
eatingclean,1
strength_gym,1
fastfood,1
livcycling,1
liquidmuscle,1
gumae,1
cigarettes,1
isla,1
setgoals,1
simpatia,1
dlia,1
stewed,1
crossroadsoffitness,1
tastyandclean,1
exploretocreate,1
cleanfood,1
pregnant,1
sweetpotatoes,1
teamreflex,1
shortshorts,1
swimsuit,1
notmaternal,1
legolas8604,1
stopped,1
healthynutrition,1
redemptionnutrition,1
flaxseed,1
difficult,1
foodforfoodies,1
nutrex,1
embraced,1
costamesa,1
omani,1
grandmothers,1
gentecnutrition,1
nutritionist,1
toda,1
nutritionschool,1
expect,1
thai,1
eatingdisorder,1
nutritionnerd,1
lentils,1
specials,1
p,1
academia,1
_alexstaysfit_,1
primero,1
issue,1
betterme,1
foodbinge,1
fiber,1
downs,1
inflammationincreasing,1
smartnutrition,1
suplements,1
michelledudash,1
aussiemuscle,1
reason,1
kickingitketo,1
ima,1
ask,1
liveauthentically,1
3060secs,1
tambien,1
mma,1
donedieting,1
bestself,1
bikinifitness,1
owners,1
'regular,1
coaches,1
integrativehealth,1
jam,1
letsgetfit,1
girls_workout_videos,1
american,1
amandacaitlinwalker,1
diffuser,1
teambsh,1
yycfit,1
slicing,1
189lbs,1
chuckling,1
saladporn,1
delicate,1
miso,1
major,1
prevent,1
hulledhempseeds,1
traveled,1
feet,1
mejor,1
general,1
jarredminnis,1
golfgirl,1
concurso,1
traveler,1
corporal,1
temperatura,1
macrocounting,1
sodio,1
61usd,1
wineoclock,1
definiteky,1
lovatic,1
introduction,1
arianagrande,1
moderately,1
kod,1
jacobsladder,1
fitnesseducation,1
nutritionsystemsnz,1
identity,1
phd,1
ton,1
entrepreneurlife,1
mini,1
fueledbyesquiremeals,1
yvettebrownfitness.com.au,1
youngliving,1
flexwithlex,1
oregoncity,1
orangetheoryfitness,1
melbournefood,1
bowel,1
frosting,1
mentality,1
platano,1
discover,1
tangy,1
www.thelipoguy.com,1
sweetpotato,1
quemargrasa,1
instamoment,1
stairs,1
jefferson,1
traps,1
____,1
b,1
peurotin,1
arbonneessentials,1
gotten,1
ayurveda,1
razon,1
tummy,1
healthandhappiness,1
cost,1
cuff,1
saitom,1
dang,1
brookyork,1
www.presshealthybuttons,1
kaylasarmy,1
normal,1
dan,1
basically,1
metabolica,1
banded,1
tacos,1
alongside,1
direct,1
9lbs,1
hangout,1
gala,1
fittie,1
bodypositive,1
eureka,1
option,1
eliteathlete,1
nights,1
comidasana,1
qualityoverquantity,1
interviewed,1
lil,1
belleza,1
transference,1
accountable,1
jeanhailes,1
centered,1
k1,1
vidafit,1
finding,1
drinks,1
fruitarian,1
thenotoriousmma,1
rockfam,1
64,1
dillett,1
park,1
32usd,1
salmon,1
chart,1
deltgainz,1
react,1
sponsored,1
70,1
seasons,1
womanstyle,1
brendov,1
enterbeastmode,1
sauerkraut,1
ke,1
sal,1
tieins,1
clear,1
sometimes,1
luckily,1
tienen,1
implementing,1
wedoherbalife,1
amazed,1
weigh,1
lying,1
watermelon,1
belle,1
cinnamon,1
golf,1
bulkingseason,1
obligations,1
letsberealmeals,1
affix,1
teamusn,1
taller,1
captivating,1
barbell,1
meticulously,1
girlhumor,1
middleeast,1
ootd,1
degraded,1
fine,1
muay,1
enhance,1
consistently,1
poppin,1
ball,1
blackfriday,1
mrhyde,1
pretty,1
guided,1
discuss,1
loved,1
hablando,1
howmuchwaterdoyoudrink,1
meio,1
naughtynutritionists,1
wordup,1
pois,1
keephydrated,1
wash,1
fishoil,1
courage,1
esteticacorporal,1
fitnesscoach,1
baresnacks,1
him,1
ovoshchami,1
somanythings,1
showed,1
otlichiem,1
competitionprep,1
boost,1
dijon,1
kxgear,1
doubled,1
missfitness_mummyrolo,1
88floors,1
hype,1
cri,1
greenjuice,1
set,1
crossfitusa,1
lapsha,1
foodsthatheal,1
instafiti,1
scenes,1
mantra,1
toddlerfood,1
gaps,1
tender,1
sem,1
nutrientes,1
tomato/vegetable,1
arm,1
sei,1
evaluation,1
halved,1
estetica,1
rejecting,1
changinglives,1
hydrofizz,1
degrading,1
division,1
"18,000",1
sistersquad,1
releasing,1
suppliments,1
endure,1
seeded,1
recently,1
responses,1
creatine,1
behappy,1
crean,1
cgstrong,1
selfconscious,1
dicipline,1
genderneutral,1
reverse,1
restaurant,1
obra,1
ltaurine,1
anos,1
mcdonald,1
mg,1
pressonenterprise,1
ilovedogs,1
myzonechallenge,1
jakecampusnutrition,1
flowed,1
biossance,1
consumo,1
japanesefood,1
dietary,1
likes,1
church,1
healthcoaches,1
decline,1
instore,1
cream,1
monthly,1
youreworthit,1
sportsrehab,1
myjourney,1
pb,1
mediterranean,1
maintenance,1
empty,1
**vanilla,1
alwayscompete,1
flight,1
sending,1
diminuindo,1
flavorful,1
balancednutrician,1
cavachoncutie,1
races,1
networkmarketer,1
decadent,1
yycfitfam,1
leanbody,1
rocking,1
chester,1
doozy,1
absorbed,1
967,1
superfood,1
adj,1
peurimieom,1
dreamsdocometrue,1
batch,1
externally,1
dense,1
bodyandmind,1
vidasana,1
cums,1
guide,1
chocolatelover,1
lgcommunity,1
balancefood,1
hoping,1
vitalproteins,1
iherborder,1
shades,1
mindandbody,1
onlythebest,1
reto4challenge,1
killing,1
staypositive,1
tattoobrasil,1
eeeeats,1
pokhudaniia,1
teameba,1
queretaro,1
whole30recipes,1
elevated,1
shorter,1
pranaon,1
emphasize,1
mumlife,1
brushpen,1
processedfood,1
elevates,1
advise,1
compartezrii,1
development,1
thaiboxing,1
forkyeah,1
outlastrevolution,1
soccermom,1
ddlovato,1
throwback,1
moment,1
coconutmilk,1
cleaning,1
http//register.wbffshows.com/,1
apenas,1
yuan,1
recomendacion,1
task,1
murves,1
name/company,1
missinternationalofficial,1
styleyourmind,1
varios,1
halve,1
browardcounty,1
thais,1
spent,1
joint,1
craves,1
consistency,1
five,1
ampv,1
bestbcaa,1
ajustando,1
dieting,1
hipertrofia,1
musclemass,1
batido,1
gethealthy,1
desk,1
lower,1
quadsfordays,1
magazinakh,1
questions,1
alternativa,1
drizzled,1
northcoast,1
azliving,1
followforfollow,1
lifeinbalance,1
triathlon,1
exercising,1
foodlovers,1
treino,1
butchers,1
swansboro,1
getinshape,1
ukazat,1
sandwiches,1
ridiculously,1
australia,1
mujer,1
foodlove,1
unlimited,1
mcm,1
lovin,1
middecember,1
suffering,1
tut,1
insert,1
sweatybetty,1
damage,1
individually,1
workharder,1
nicholls,1
projects,1
musclefood,1
garnir,1
mynourish,1
counterintuitive,1
taxa,1
futuredoctor,1
follows,1
plantbaseddiet,1
supplementsthatwork,1
mondaymiles,1
ignore,1
14monthold,1
individuals,1
80,1
youarebeautiful,1
popular,1
approved,1
google,1
metabolic,1
spring,1
yolo,1
resim,1
",20",1
wheyprotein,1
braaaain,1
sight,1
supportsmallbusiness,1
sprint,1
jamais,1
aquela,1
wanderlust,1
rien,1
scale,1
krasota,1
healthydiet,1
munchins,1
challengeyourself,1
dorsi,1
shall,1
colombia,1
movingoverboundaries,1
nutrionist,1
conditionally,1
energia,1
market,1
inicio,1
flakes***,1
anne,1
oxidarse,1
muscat,1
thighs,1
bc,1
remembered,1
continuing,1
siempre,1
fruitandvegboxes,1
santa,1
become,1
emocional,1
raspberry,1
nueva,1
soontobe,1
fitsporation,1
visionpersonaltraining,1
buzzfeast,1
cigarette,1
god,1
completing,1
delish,1
alphafemale,1
oatmeal,1
sourdough,1
beansandrice2017,1
idk,1
acompanado,1
cerveja,1
chilltown,1
145lbs,1
exercire,1
btpstrong,1
fitnesslife,1
seeing,1
lifteachotherup,1
bnw,1
buena,1
relish,1
homeworkout,1
within,1
tofu,1
turmericoil,1
drain,1
pokhudelanapp,1
crossfitnutrition,1
contributor,1
onlinebusiness,1
nsv,1
colombiancoffee,1
calming,1
awardwinning,1
statistics,1
story,1
sneaky,1
ketogeniclife,1
barbacoa,1
asthetics,1
themammothmug,1
suit,1
.1,1
lasvegas,1
opens,1
tastiest,1
invite,1
http//wbffshows.com/,1
nutritionsystems_nz,1
functionaltraining,1
transformyourbody,1
pacific,1
integrativenutrition,1
upright,1
camilacabello,1
raising,1
za,1
info,1
haz,1
bikinicompetitor,1
reflexnation,1
**powerhouse,1
sounds,1
feasting,1
fries,1
um,1
planer,1
indicacion,1
likedesert,1
consumed,1
recognition,1
bell,1
dill,1
worthwhile,1
spiritual,1
musicwith,1
beyourbestyou,1
activelifestyle,1
nutricaoesportiva,1
defines,1
rainbow,1
sudamos,1
peach,1
dicasfitness,1
showready,1
realest,1
nao,1
excuses,1
nap,1
becomes,1
nice,1
strongisthenewskinny,1
smiles,1
scapegoat,1
pineapple,1
papa,1
breasts,1
janelle,1
du,1
healthtip,1
allowing,1
treatyoself,1
60daybody,1
hair,1
shontepress,1
weightwatchers,1
stressin,1
age,1
poucos,1
rinse,1
unicornmuscle,1
est1994,1
keepfighting,1
wendys,1
quero,1
enjoyable,1
cguzman,1
groceries,1
180usd,1
kalua,1
vegancertified,1
preferable,1
comelocal,1
pokhudelnapp,1
tol'ko,1
vashego,1
theonlinecoach,1
upperbodyworkout,1
mindbodyspirit,1
staycurious,1
maravigold,1
send,1
certo,1
amigas,1
'dollar,1
healthygirl,1
gentec,1
nalgofilia,1
resources,1
dogsnuggles,1
lowdown,1
vlm,1
matte,1
bodypositivity,1
account,1
sabio,1
eso,1
pageant,1
fat2fit,1
telling,1
drinking,1
oneday,1
championship,1
dini_photo,1
roaccutan,1
magic,1
mytempl,1
sexystrong,1
onestepatatime,1
cheeeze,1
sassandswagger,1
excessive,1
trx,1
whiteknee,1
lifecoach,1
tyler_vjc_bell,1
healthylifestyles,1
easylunch,1
hyped,1
zanima,1
vazhnym,1
classicbodybuilding,1
weightraining,1
crop,1
mozz,1
video,1
traveling,1
fitnessfriday,1
depression,1
physicaltherapy,1
foodstagram,1
hourly,1
poke,1
tflers,1
chicago,1
juujuferrari,1
healthiswealth,1
sweet/chocolatey,1
healthtips,1
couldnt,1
spotlight,1
whstrong,1
3g,1
bird,1
respondendo,1
completion,1
delicias,1
9th,1
desires,1
cherylmiller06,1
bulimia,1
personalcare,1
loveeee,1
following,1
groverrajeev,1
oregonweightlifting,1
expertadvice,1
rds,1
receive,1
sportmotivation,1
getresults,1
35,1
later,1
suggests,1
travelblog,1
getuncomfortablesquad,1
involves,1
thats,1
bumming,1
showing,1
notifbutwhen,1
nomeatathlete,1
consejo,1
crashing,1
win,1
onestopshop,1
restriccion,1
dedicated,1
healthycarbs,1
outcomes,1
frame,1
usar,1
carbs/fats,1
excercise,1
womanpower,1
tools,1
jugosos,1
italian,1
standing,1
keepmovingforward,1
myvalens,1
usa,1
bambu,1
laurenjauregui,1
management,1
cray,1
floating,1
naturalbodybuilding,1
bootcampreto4challenge,1
subcut,1
duper,1
red=,1
benefitsofwater,1
junkfood,1
rabbit,1
pitanie,1
restritiva,1
iin,1
iii,1
fan,1
sample,1
tatuagem,1
tribulus,1
extension,1
f,1
bethankful,1
athleta,1
tbsp,1
anywhere,1
crossed,1
thin,1
fulfill,1
bossbabes,1
freeconsult,1
hip,1
5080,1
ig_fitness_freaks,1
oc,1
milagrosa,1
rode,1
loco,1
electrica,1
sogood,1
zma,1
ins/,1
blvd,1
hidratado,1
onions,1
nonsense,1
hardcoregymsydney,1
native,1
crucial,1
workoutbros,1
5626855084,1
six,1
williamsburg,1
nosugar,1
materials,1
responsibilities,1
swear,1
animal,1
struggled,1
zone,1
intelligent,1
focusongoals,1
contraption,1
reduzindo,1
farm,1
dc,1
nutritioncoach,1
arbonne30daystohealthyliving,1
bench,1
crusted,1
fits,1
iinstagram,1
fitt,1
vegantreats,1
chasing,1
tanta,1
onepanmeal,1
guru,1
pizzas,1
yycfitness,1
aaaannd,1
justeatrealfood,1
saboreala,1
mac,1
uspelo,1
proidiot,1
houston,1
livewithoutlimits,1
pastor,1
springmix,1
muscleups,1
igfood,1
135,1
sugar..,1
shoplocal,1
babymeals,1
almondbutter,1
cratecafe,1
ifnotnowwhen,1
oformlenii,1
concept,1
imperfection,1
walnut,1
requiere,1
whites,1
squatting,1
mt.everest,1
orange,1
covered,1
2017,1
groupfitness,1
volveremos,1
seshes,1
warrior,1
reposting,1
healthykids,1
flour,1
dao,1
girlzgoneriding,1
newyoutuber,1
practica,1
fuzionfitness,1
disrupted,1
cutting,1
healthyrecipe,1
pescados,1
buenasnoches,1
wilsonville,1
sugardetox,1
toddler,1
hogarth,1
profound,1
livelifetothefullest,1
zb,1
kaylastrong,1
transportarse,1
nfs,1
trap,1
frittata,1
teambtp,1
todavia,1
noway,1
bills,1
tray,1
avital_cohen5,1
supper,1
recommend,1
instagramfitness,1
matcha,1
fitfrenchies,1
707,1
livbeyond,1
increases,1
patch,1
myth,1
procoach,1
tiucheckin,1
ejercicio,1
esquire,1
spectrum,1
mealplanning,1
tonteria,1
chaos,1
functionalmedicine,1
momsthatlift,1
dania,1
busymoms,1
beslenme,1
shopping,1
12hours,1
trabajar,1
supports,1
.coaching,1
necesitan,1
zuchinni,1
priiatno,1
23g,1
qualityguaranteed,1
averted,1
aussiebeef,1
rdapproved,1
tempo,1
cuerposano,1
canadasown,1
mul'tivitaminy,1
fitinstagram,1
correctiveexercise,1
region,1
sitting,1
probnyi,1
blahhh,1
florida,1
rotator,1
davie,1
zerocarbisopro,1
length,1
pudding,1
binging,1
medidas,1
degree,1
optiat_co,1
pastabake,1
worse,1
burns,1
behind,1
swapped,1
zdorovomu,1
inzer,1
traveladdict,1
owned,1
bootcamp,1
intuitively,1
rugbynight,1
noticed,1
facil,1
straight,1
owning,1
2..,1
bestofthebest,1
152kg/335lbs,1
bodyinprogress,1
..but,1
system,1
antiinflammatory,1
priority,1
**************************************************************,1
arnoldclassic,1
erector,1
foodsuem,1
fica,1
final,1
upcoming,1
xmaswishlist,1
chickentenders,1
gear,1
hotmail.com,1
bulldog,1
exactly,1
proceso..,1
myfitnesspal,1
larger,1
nizhe,1
extensions,1
wbffpro,1
botox,1
nursepractitionerlife,1
retraction,1
photograph,1
correlate,1
boring,1
controlar,1
sportnutrition,1
bez,1
myprotein,1
moto,1
embody,1
2.5l,1
yummytomytummy,1
result,1
food52,1
orange=antiinflammatory,1
carrots,1
granola,1
eatliftkill,1
border,1
lovethejourney,1
complacency,1
tastyandcleanideas,1
deltpainz,1
mia,1
intentionalliving,1
trabajando,1
giftyourlovedones,1
mid,1
homeboy,1
swoleoclock,1
simplynutritious,1
mis,1
=,1
toughest,1
refocusing,1
swirls,1
unless,1
posmotrite,1
manos,1
11/27,1
wheytella,1
mangiare,1
harmful,1
rohnert,1
duele,1
connected,1
workingmommylife,1
**,1
peppered,1
romaine,1
goviadiny,1
aprovechala,1
hambre,1
transformationtuesday,1
deny,1
consequences,1
momswhoworkout,1
face,1
waldorf,1
bosslady,1
skittles,1
instarunners,1
richnutrition,1
npcbikini,1
healthandwellness,1
skinny,1
fitnessaccount,1
optimal,1
nutrir,1
selection,1
dijo,1
esparta,1
caloriecounting,1
burners,1
atividadefisica,1
odnim,1
12r,1
kits,1
healthandfitnessjourney,1
yolks,1
passa,1
crabcake,1
eda,1
getinmybelly,1
inspiring,1
based,1
housewives,1
vilife,1
beyourbest,1
deliveredtoyourdoor,1
receptors,1
tagsforlikes,1
smallest,1
versatile,1
tudo,1
thankstomyupline,1
plazas,1
regularly,1
acaibowls,1
workin,1
12+,1
lucky,1
bear,1
abundance,1
bean,1
bodybuilders,1
pdxfitness,1
kalamata,1
tbc,1
3acnotin,1
kazakhstan,1
**proud,1
slowroasted,1
chickfila,1
scene,1
course,1
nutriciondeportiva,1
teamu,1
yogapose,1
winnerwinner,1
tuned,1
simonsays600,1
disminuir,1
gran,1
ventajas,1
ohio,1
grab,1
withstand,1
collegelife,1
btp,1
immunityboost,1
teammpt,1
tossing,1
national,1
cuts,1
humans,1
anytimefitness,1
enhanced,1
atlantic,1
omg,1
yellowsquash,1
scoured,1
creating,1
excitement,1
gums,1
grrrlarmy,1
underarmour,1
admirala,1
meatballs,1
fitnessfreaks,1
willpower,1
difficulties,1
warmed,1
physical/hormonal,1
skidkaiherb,1
bought,1
ends,1
chickswholift,1
gta,1
importance,1
vegfestuk,1
butts,1
goldstandard,1
le,1
key,1
fearthebeard,1
westlinn,1
messed,1
greeksalad,1
smoke/dip,1
vacationtime,1
c.heinrichspt,1
janicebissex,1
jia,1
lulus,1
oregonstrength,1
utilizar,1
monitor,1
alphaej,1
bodybuillder,1
fallfashion,1
flexiblediet,1
guarantee,1
ketoliving,1
relevant,1
cm,1
scenario..,1
removal,1
dieteticintern,1
wonder,1
walk,1
subscribe,1
bodyshape,1
kbzhu,1
adding,1
table,1
lies,1
socialfit,1
tiene,1
fitgirlsdotitbetyer,1
applies,1
bangsgiving,1
iger,1
powered,1
orphic,1
preparaciones,1
cowboys,1
onlinetrainer,1
slowly,1
social,1
rump,1
thetravelingfriends,1
equipo,1
define,1
eatfamous,1
.ever,1
http//viewer.zmags.com/publication/643269e7,1
c.,1
fall/winter,1
fullofnutrients,1
gymflow,1
iifymmexico,1
sales,1
ensuring,1
sausages,1
lung,1
ferrar,1
brunch,1
fellow,1
savetime,1
724,1
diyproteinbars,1
momswholift,1
eyelashes,1
thalheimer,1
mindfulof,1
smokeless,1
smashyourgoals,1
sexybrain,1
ojala,1
situaciones,1
ombre,1
desgastar,1
explorealberta,1
stairmaster,1
whatieat,1
surprisingly,1
demi,1
savings,1
opportunities,1
npcmensphysique,1
fan.,1
mesmo,1
jerseycity,1
portray,1
parte,1
swoleunit,1
bestprotein,1
melodijolanutriologa,1
studysupplies,1
transformative,1
disciple,1
killed,1
opiate,1
tiempo,1
practice,1
girlslovetravel,1
primary,1
suppressant,1
leangains,1
student,1
sisters,1
estado,1
dirty30,1
diligent,1
stockinggifts,1
reflexsupplements,1
mention,1
recetas,1
asked,1
tricks,1
354,1
flexing,1
loosingweight,1
vinaigrette,1
tasted,1
skewed,1
manana,1
usual,1
veganism,1
pursuit,1
bananas,1
moments,1
yogi,1
accurate,1
dosa,1
thickness,1
fashionphotography,1
buonappetito,1
clinic,1
stored,1
mcfit,1
sundayrunday,1
cashewgurt,1
parchment,1
puede,1
web,1
common,1
drive,1
icanhelp,1
wen,1
recommending,1
sonrisa,1
gammalinolenic,1
crack,1
teriyaki,1
match,1
bikinigirl,1
marketingdigital,1
behealthy,1
pero,1
siemprefuertes,1
lucha,1
lichno,1
healthyaperture,1
kayla_itsines,1
whopping,1
immediately,1
possivel,1
republica,1
heating,1
beastmodejones,1
necessary,1
infinitefitnesshealth,1
miami,1
ilovepas,1
girlygainz,1
pumping_iron,1
rawchocolate,1
tablespoons,1
chica,1
categories,1
iloveherbalife,1
soft,1
letsmove,1
wiredtoeat,1
adaptation,1
retrato,1
naturalhealth,1
conservar,1
searching,1
makeityours,1
myplate,1
womeninspiringwomen,1
guruji,1
victoriasecret,1
proper,1
liking,1
drizzle,1
transport,1
happens,1
competitor,1
legume,1
smashingit,1
kettle,1
playhard,1
inflammation,1
esa,1
goatcheese,1
humpday,1
cso,1
beetroot,1
blowing,1
aptekakh,1
reaching,1
zakazaikherb,1
selflove,1
peas,1
yogapants,1
although,1
instafamous,1
pasta,1
mymusclechef,1
gymmemes,1
lasagnes,1
incline,1
shipping,1
capeepicorbust,1
carries,1
brushpenlettering,1
healthysnack,1
tome,1
katiejadep,1
lj.lv.420,1
womenempoweringwomen,1
yahoofood,1
bolee,1
keeps,1
primal,1
commitment,1
chihealth,1
promise,1
ignoremymessyroom,1
anomalythreads,1
quickly,1
pierced,1
fuck,1
hitting,1
vai,1
networking,1
vao,1
brides,1
countryhills,1
girlsthatlift,1
recognised,1
stockingstuffers,1
inner,1
45071,1
powdered,1
personaldancer,1
naturally,1
function,1
roaccutane,1
human,1
614fit,1
healthymeals,1
delivery,1
iherbcouponcode,1
mruttrakhand,1
bun,1
'missing,1
bum,1
sprinkling,1
squeeze,1
hd,1
society,1
bujo,1
wish,1
j,1
veges,1
pour,1
frequency,1
clubsportmoves,1
fermendozanutriologa,1
minutes,1
degrau,1
chip,1
nickjonesworldchampion,1
mechanics,1
stayactive,1
mitboly,1
sanguineo,1
authenticity,1
lifeandthyme,1
projetoverao2018,1
disfrutar,1
weston,1
boaforma,1
crossfittraining,1
moveitmonday,1
400trillion,1
overnightoats,1
jibrin,1
bfitness,1
clubsport,1
strengthandconditioning,1
48,1
mayaramyrella_,1
spiking,1
atlantablogger,1
boot,1
virtual,1
finish,1
book,1
seus,1
yogagirl,1
ebooks,1
pdx,1
sportpit,1
canada,1
pumpchasers,1
comi,1
refreshments,1
apparel,1
foil,1
additionally,1
thecampusgym,1
throughout,1
togarashi,1
getmoving,1
tramoyas,1
obliques,1
dippers,1
healthyeah,1
saludperfecta,1
www.warfareincclothing.com,1
feedfeed,1
portion,1
compete,1
ketogirl,1
recoveryisworthit,1
omega6,1
bossgirls,1
